feature,importance
F3908,80
F3898,53
F3914,46
F3913,37
F3811,32
F3812,32
F3813,30
F3872,29
F3805,29
F270,25
F1819,25
F3526,24
F3499,24
F3899,23
F3105,22
F3829,22
F125,21
F3748,21
F2489,20
F3715,20
F3493,20
F3108,19
F3799,19
F3243,19
F3709,18
F1813,18
F3489,18
F3801,18
F3873,18
F1825,18
F3351,17
F3806,17
F3348,17
F369,17
F3871,17
F2350,17
F1921,17
F3919,17
F3802,17
F1057,16
F364,16
F2182,16
F119,16
F114,16
F3800,16
F3484,16
F1597,16
F3880,15
F156,15
F3602,15
F3750,15
F1317,15
F2349,15
F3922,15
F3534,15
F53,14
F3487,14
F3002,14
F1853,14
F1166,14
F1705,14
F3640,14
F3831,14
F162,13
F1827,13
F2343,13
F365,13
F3825,13
F3797,13
F3798,13
F2637,13
F3500,13
F2385,13
F1821,13
F3592,13
F2344,12
F3807,12
F62,12
F3601,12
F2068,12
F3804,12
F3496,12
F1861,12
F1922,12
F3719,12
F1814,12
F3839,11
F1490,11
F160,11
F3717,11
F3672,11
F1926,11
F3608,11
F3635,11
F3532,11
F2390,11
F2447,11
F3604,11
F3488,11
F358,11
F3817,11
F1636,11
F2581,10
F3722,10
F3642,10
F1820,10
F2342,10
F2136,10
F2387,10
F2443,10
F2148,10
F3490,10
F2142,10
F2355,10
F1818,10
F949,10
F2738,10
F2737,10
F1927,10
F3675,10
F3398,10
F3822,10
F2781,9
F3607,9
F3634,9
F1960,9
F3529,9
F261,9
F112,9
F3537,9
F1931,9
F1279,9
F2074,9
F2352,9
F2681,9
F3395,9
F120,9
F2686,9
F1382,9
F471,9
F470,9
F1826,9
F2585,9
F739,9
F1489,9
F2742,9
F3827,9
F3826,9
F2718,9
F2582,9
F2893,9
F2591,9
F2776,9
F3643,9
F2346,9
F1105,9
F3564,8
F118,8
F1717,8
F2783,8
F126,8
F631,8
F637,8
F950,8
F3710,8
F3711,8
F1816,8
F2894,8
F3751,8
F1716,8
F558,8
F1501,8
F3823,8
F3106,8
F2298,8
F3920,8
F1596,8
F3146,8
F3808,8
F59,8
F3103,8
F2643,8
F2354,8
F2651,8
F3803,8
F2356,8
F264,8
F2999,8
F3820,8
F2040,8
F1647,8
F255,8
F1706,8
F2384,8
F2388,8
F2034,8
F3598,8
F3796,8
F1273,8
F2451,8
F3046,7
F572,7
F3830,7
F3096,7
F363,7
F2293,7
F2291,7
F61,7
F528,7
F368,7
F1609,7
F3060,7
F3093,7
F3501,7
F2446,7
F1063,7
F2483,7
F1815,7
F1606,7
F2684,7
F1603,7
F3841,7
F564,7
F2480,7
F3743,7
F433,7
F1924,7
F3645,7
F1822,7
F3703,7
F157,7
F556,7
F2787,7
F1932,7
F3567,7
F2030,7
F3535,7
F265,7
F3821,7
F2064,7
F421,7
F2029,7
F3887,6
F541,6
F2578,6
F139,6
F145,6
F2851,6
F573,6
F534,6
F124,6
F3752,6
F1285,6
F3636,6
F1755,6
F1381,6
F2547,6
F1824,6
F2487,6
F2485,6
F2886,6
F464,6
F460,6
F451,6
F1315,6
F1863,6
F467,6
F469,6
F161,6
F745,6
F2792,6
F31,6
F2453,6
F2452,6
F2445,6
F2028,6
F234,6
F3595,6
F2891,6
F1933,6
F1966,6
F1274,6
F2638,6
F3787,6
F1708,6
F3819,6
F2039,6
F3000,6
F2996,6
F2994,6
F262,6
F3533,6
F2394,6
F1249,6
F3593,6
F1962,6
F3498,6
F3495,6
F3091,6
F567,6
F1203,6
F3446,6
F3401,6
F2382,6
F3824,6
F2184,6
F1610,6
F1425,6
F3810,6
F1171,6
F3240,6
F1107,6
F2292,6
F1598,6
F1539,5
F1600,5
F1601,5
F3107,5
F3838,5
F55,5
F2253,5
F2076,5
F367,5
F2351,5
F2348,5
F1177,5
F1178,5
F3287,5
F3290,5
F1099,5
F360,5
F3104,5
F2288,5
F2062,5
F2070,5
F1215,5
F3494,5
F3491,5
F3528,5
F268,5
F2383,5
F2380,5
F2183,5
F3066,5
F3045,5
F3076,5
F1711,5
F2590,5
F2584,5
F58,5
F64,5
F1605,5
F538,5
F2741,5
F3897,5
F2713,5
F2690,5
F1429,5
F2675,5
F2754,5
F3789,5
F116,5
F1644,5
F2784,5
F2755,5
F144,5
F2848,5
F2571,5
F2854,5
F2577,5
F158,5
F2535,5
F962,5
F159,5
F3714,5
F1812,5
F3721,5
F2549,5
F468,5
F2543,5
F3723,5
F465,5
F2883,5
F3700,5
F1928,5
F2484,5
F2481,5
F1281,5
F1934,5
F3594,5
F2892,5
F2890,5
F2448,5
F1058,5
F2436,5
F2410,5
F3574,5
F122,5
F3753,5
F2779,5
F263,4
F3536,4
F3531,4
F2997,4
F2998,4
F2991,4
F1209,4
F3486,4
F2073,4
F3492,4
F3338,4
F3505,4
F3527,4
F3039,4
F3054,4
F3043,4
F267,4
F2389,4
F405,4
F2345,4
F2247,4
F3069,4
F2185,4
F373,4
F2116,4
F2135,4
F2141,4
F2143,4
F2150,4
F3145,4
F366,4
F322,4
F2290,4
F2176,4
F2340,4
F3147,4
F3840,4
F1495,4
F2716,4
F2258,4
F29,4
F2259,4
F336,4
F3139,4
F3143,4
F1583,4
F3849,4
F3843,4
F1071,4
F3057,4
F2285,4
F3609,4
F3706,4
F1862,4
F1852,4
F154,4
F228,4
F1929,4
F429,4
F225,4
F1065,4
F3725,4
F1748,4
F1744,4
F955,4
F2542,4
F476,4
F2550,4
F461,4
F2493,4
F2486,4
F2889,4
F3690,4
F3702,4
F3704,4
F3705,4
F2877,4
F463,4
F462,4
F230,4
F3599,4
F2478,4
F997,4
F435,4
F991,4
F3605,4
F2479,4
F1907,4
F496,4
F1718,4
F3745,4
F1713,4
F117,4
F1704,4
F1642,4
F110,4
F113,4
F3758,4
F2640,4
F2641,4
F3757,4
F2780,4
F2786,4
F2789,4
F2845,4
F2649,4
F524,4
F532,4
F2752,4
F56,4
F3809,4
F1639,4
F1423,4
F2680,4
F1611,4
F2679,4
F2770,4
F2688,4
F2743,4
F2735,4
F30,4
F1537,4
F1533,4
F2,4
F17,4
F3921,3
F3882,3
F3881,3
F1573,3
F1422,3
F97,3
F100,3
F3754,3
F3767,3
F2668,3
F2676,3
F2682,3
F569,3
F2683,3
F2719,3
F2720,3
F2721,3
F2724,3
F2740,3
F1703,3
F1712,3
F3741,3
F3742,3
F3747,3
F3749,3
F2648,3
F2663,3
F2665,3
F2666,3
F2744,3
F2748,3
F2750,3
F521,3
F527,3
F2772,3
F1383,3
F1388,3
F3716,3
F155,3
F163,3
F1754,3
F1817,3
F2782,3
F2791,3
F2644,3
F2645,3
F3701,3
F152,3
F3637,3
F3639,3
F3641,3
F3644,3
F196,3
F483,3
F498,3
F2855,3
F2554,3
F2556,3
F2569,3
F2575,3
F2579,3
F2583,3
F2586,3
F2588,3
F1849,3
F1860,3
F1323,3
F1908,3
F1920,3
F1923,3
F226,3
F3596,3
F3597,3
F3600,3
F3603,3
F2536,3
F2551,3
F2797,3
F1930,3
F1259,3
F1280,3
F1961,3
F3538,3
F3554,3
F3555,3
F220,3
F222,3
F2488,3
F2494,3
F2506,3
F2534,3
F2859,3
F2861,3
F2862,3
F1964,3
F1968,3
F1970,3
F2032,3
F2035,3
F2038,3
F266,3
F3507,3
F253,3
F258,3
F2952,3
F992,3
F993,3
F999,3
F456,3
F459,3
F2885,3
F2887,3
F259,3
F2041,3
F3474,3
F301,3
F3497,3
F3404,3
F2441,3
F2449,3
F2903,3
F2940,3
F2077,3
F2078,3
F2079,3
F2125,3
F2137,3
F1165,3
F3228,3
F3229,3
F327,3
F333,3
F334,3
F1059,3
F2967,3
F419,3
F422,3
F430,3
F2236,3
F2252,3
F1149,3
F2254,3
F3112,3
F3113,3
F338,3
F339,3
F2282,3
F2287,3
F1147,3
F3064,3
F2359,3
F2990,3
F2993,3
F3020,3
F408,3
F3068,3
F3072,3
F3073,3
F3085,3
F3063,3
F1599,3
F1602,3
F1431,3
F3833,3
F3851,3
F3865,3
F68,3
F3828,3
F2705,3
F559,3
F562,3
F3900,3
F1496,3
F1503,3
F24,3
F32,2
F28,2
F3869,2
F3868,2
F1524,2
F1497,2
F565,2
F563,2
F2685,2
F1419,2
F1607,2
F1604,2
F3850,2
F3844,2
F3842,2
F3835,2
F3834,2
F3062,2
F3061,2
F3058,2
F3056,2
F3055,2
F3044,2
F378,2
F3079,2
F3075,2
F3071,2
F2341,2
F2395,2
F2386,2
F409,2
F3026,2
F3004,2
F2381,2
F1084,2
F1069,2
F2370,2
F2358,2
F2339,2
F1106,2
F1101,2
F3102,2
F3101,2
F361,2
F3099,2
F3097,2
F1111,2
F2297,2
F2284,2
F2283,2
F2260,2
F3144,2
F3141,2
F349,2
F337,2
F3110,2
F2257,2
F2251,2
F2246,2
F428,2
F427,2
F426,2
F2982,2
F2979,2
F2969,2
F2963,2
F2959,2
F2954,2
F1064,2
F2427,2
F2232,2
F331,2
F326,2
F321,2
F320,2
F3191,2
F1179,2
F1173,2
F1172,2
F2157,2
F2151,2
F2146,2
F2127,2
F1200,2
F2124,2
F2122,2
F2118,2
F311,2
F310,2
F308,2
F307,2
F2937,2
F2936,2
F2920,2
F2907,2
F2895,2
F1045,2
F2450,2
F2442,2
F2440,2
F2439,2
F2437,2
F431,2
F304,2
F3443,2
F3335,2
F3296,2
F2075,2
F2072,2
F2071,2
F1213,2
F2044,2
F260,2
F466,2
F457,2
F2477,2
F2475,2
F2474,2
F998,2
F2457,2
F2941,2
F272,2
F3520,2
F2027,2
F2008,2
F1963,2
F224,2
F475,2
F473,2
F2882,2
F2880,2
F969,2
F964,2
F963,2
F2527,2
F2520,2
F223,2
F219,2
F238,2
F3581,2
F1941,2
F1939,2
F1936,2
F2847,2
F2828,2
F2825,2
F2815,2
F2794,2
F2553,2
F2548,2
F2546,2
F2541,2
F2540,2
F2537,2
F480,2
F478,2
F232,2
F1293,2
F1291,2
F1282,2
F1909,2
F218,2
F217,2
F206,2
F3625,2
F3624,2
F3622,2
F3614,2
F3611,2
F3610,2
F1322,2
F1321,2
F1894,2
F1868,2
F1858,2
F3685,2
F3682,2
F2580,2
F2574,2
F937,2
F935,2
F2849,2
F3649,2
F3647,2
F3646,2
F169,2
F168,2
F3707,2
F3696,2
F3693,2
F3692,2
F2788,2
F2785,2
F513,2
F2778,2
F2775,2
F2636,2
F628,2
F625,2
F608,2
F2624,2
F2621,2
F2595,2
F3713,2
F3712,2
F3708,2
F148,2
F3732,2
F1753,2
F1752,2
F1369,2
F1749,2
F525,2
F522,2
F2749,2
F598,2
F2653,2
F2646,2
F1719,2
F1715,2
F1714,2
F3744,2
F1408,2
F1702,2
F1646,2
F1641,2
F1640,2
F3784,2
F550,2
F2722,2
F577,2
F574,2
F571,2
F2672,2
F115,2
F109,2
F105,2
F3759,2
F94,2
F3792,2
F71,2
F69,2
F3818,2
F3815,2
F1638,2
F1586,2
F1581,2
F33,2
F1527,2
F3895,2
F3894,2
F20,2
F18,2
F34,2
F13,2
F2248,1
F2245,1
F2256,1
F3442,1
F3444,1
F3445,1
F2279,1
F3433,1
F1290,1
F2332,1
F2326,1
F1112,1
F2353,1
F1104,1
F1102,1
F1098,1
F3364,1
F2305,1
F2163,1
F2218,1
F288,1
F294,1
F296,1
F297,1
F2191,1
F2244,1
F2249,1
F2235,1
F3472,1
F2233,1
F2229,1
F2227,1
F2226,1
F2224,1
F3476,1
F1153,1
F2243,1
F2454,1
F328,1
F330,1
F1003,1
F994,1
F2508,1
F2526,1
F2522,1
F2392,1
F2518,1
F3226,1
F3227,1
F3230,1
F966,1
F961,1
F2531,1
F957,1
F951,1
F3256,1
F2372,1
F3340,1
F1086,1
F3326,1
F2428,1
F2425,1
F2424,1
F2423,1
F2456,1
F2418,1
F2438,1
F1047,1
F332,1
F1030,1
F2444,1
F990,1
F319,1
F323,1
F2420,1
F209,1
F250,1
F227,1
F231,1
F233,1
F3613,1
F3615,1
F1251,1
F3485,1
F237,1
F240,1
F2026,1
F2018,1
F247,1
F2047,1
F2046,1
F2043,1
F1246,1
F1288,1
F1287,1
F1286,1
F1911,1
F1910,1
F1905,1
F3638,1
F1276,1
F208,1
F1261,1
F1938,1
F1935,1
F1925,1
F1973,1
F204,1
F1969,1
F1967,1
F1965,1
F1262,1
F3541,1
F3542,1
F2140,1
F2139,1
F2138,1
F3518,1
F271,1
F275,1
F2036,1
F3502,1
F3504,1
F2147,1
F2187,1
F2186,1
F2181,1
F3513,1
F3515,1
F2173,1
F276,1
F2033,1
F1257,1
F3576,1
F1214,1
F3583,1
F1206,1
F3584,1
F2069,1
F256,1
F2061,1
F3550,1
F3551,1
F2084,1
F2083,1
F1220,1
F1219,1
F3563,1
F1185,1
F2065,1
F508,1
F2816,1
F3018,1
F2803,1
F2836,1
F2834,1
F2832,1
F2831,1
F2544,1
F2988,1
F2992,1
F2823,1
F3007,1
F487,1
F2844,1
F2843,1
F2841,1
F2987,1
F394,1
F530,1
F526,1
F3067,1
F3042,1
F2758,1
F507,1
F3048,1
F510,1
F2777,1
F2769,1
F3033,1
F531,1
F2799,1
F402,1
F403,1
F410,1
F511,1
F504,1
F2960,1
F2961,1
F2906,1
F2904,1
F2901,1
F2970,1
F2899,1
F2896,1
F2864,1
F2950,1
F439,1
F441,1
F2922,1
F2912,1
F450,1
F2933,1
F2934,1
F2938,1
F2888,1
F2858,1
F2857,1
F417,1
F2853,1
F2852,1
F420,1
F499,1
F423,1
F2958,1
F482,1
F425,1
F432,1
F2985,1
F2951,1
F2955,1
F2879,1
F2956,1
F2957,1
F424,1
F603,1
F601,1
F3142,1
F2629,1
F2662,1
F2659,1
F2656,1
F2654,1
F384,1
F2650,1
F2647,1
F2642,1
F2639,1
F2634,1
F3126,1
F3132,1
F335,1
F585,1
F2652,1
F3218,1
F733,1
F938,1
F853,1
F847,1
F844,1
F841,1
F2606,1
F604,1
F2602,1
F2598,1
F2593,1
F2627,1
F2625,1
F2622,1
F2618,1
F3134,1
F606,1
F2604,1
F3100,1
F352,1
F354,1
F3070,1
F2710,1
F2709,1
F3078,1
F535,1
F583,1
F374,1
F2727,1
F2726,1
F2725,1
F2757,1
F2751,1
F2747,1
F2745,1
F2739,1
F2729,1
F357,1
F359,1
F575,1
F570,1
F568,1
F2678,1
F2677,1
F2671,1
F3098,1
F3121,1
F3087,1
F2694,1
F2693,1
F2691,1
F2687,1
F561,1
F3090,1
F3094,1
F2669,1
F3688,1
F106,1
F1684,1
F1477,1
F141,1
F1389,1
F1693,1
F22,1
F63,1
F65,1
F142,1
F3769,1
F3836,1
F1430,1
F3846,1
F1538,1
F1357,1
F121,1
F198,1
F150,1
F1367,1
F1507,1
F1828,1
F193,1
F1831,1
F3689,1
F3738,1
F135,1
F1725,1
F1722,1
F1846,1
F49,1
F3694,1
F3691,1
F1502,1
F1760,1
F3782,1
F3730,1
F1615,1
F1570,1
F3793,1
F1417,1
F1462,1
F1799,1
F3720,1
F1750,1
F3718,1
F1743,1
F1747,1
F1424,1
F1746,1
F93,1
F87,1
F1801,1
F3852,1
F1802,1
F1803,1
F1637,1
F3814,1
F1530,1
F3790,1
F76,1
F1595,1
F1594,1
F167,1
F1756,1
F70,1
F1651,1
F3699,1
F1652,1
F171,1
F14,1
F1394,1
F3859,1
F1865,1
F3896,1
F1857,1
F1856,1
F3746,1
F6,1
F1396,1
F3861,1
F1855,1
F3755,1
F3885,1
F1710,1
F1709,1
F1401,1
F1707,1
F3760,1
F1328,1
F3659,1
F1848,1
F1314,1
F3627,1
F1897,1
F1867,1
F21,1
F1395,1
F3864,1
F25,1
F19,1
F99,0
F3140,0
F3219,0
F3148,0
F3788,0
F134,0
F3149,0
F3138,0
F3740,0
F3242,0
F3786,0
F3111,0
F3255,0
F3254,0
F3150,0
F3239,0
F3167,0
F345,0
F346,0
F347,0
F3115,0
F3114,0
F95,0
F348,0
F350,0
F3137,0
F3135,0
F3763,0
F3220,0
F3136,0
F96,0
F98,0
F3762,0
F3151,0
F3791,0
F3764,0
F3130,0
F3244,0
F3131,0
F3777,0
F111,0
F3775,0
F340,0
F341,0
F3124,0
F3247,0
F343,0
F344,0
F3774,0
F355,0
F3245,0
F3772,0
F3246,0
F356,0
F342,0
F3253,0
F3123,0
F3109,0
F3785,0
F3252,0
F362,0
F3783,0
F3251,0
F3248,0
F3249,0
F3781,0
F3780,0
F3125,0
F3779,0
F3778,0
F3127,0
F3128,0
F3129,0
F3250,0
F3192,0
F3193,0
F3194,0
F3195,0
F3196,0
F127,0
F3197,0
F3198,0
F3199,0
F3200,0
F3222,0
F3202,0
F129,0
F3168,0
F3169,0
F3203,0
F3238,0
F3170,0
F3171,0
F3172,0
F3237,0
F3173,0
F3201,0
F3208,0
F3209,0
F3210,0
F3211,0
F3207,0
F3212,0
F3206,0
F3213,0
F3214,0
F3215,0
F3190,0
F3217,0
F123,0
F149,0
F108,0
F3205,0
F3186,0
F3187,0
F3204,0
F3188,0
F107,0
F3189,0
F3216,0
F132,0
F3770,0
F3155,0
F133,0
F3156,0
F3157,0
F3225,0
F3158,0
F3224,0
F3223,0
F3174,0
F3768,0
F3160,0
F3766,0
F3161,0
F3162,0
F3765,0
F3163,0
F3221,0
F3164,0
F3165,0
F3166,0
F3159,0
F3175,0
F3176,0
F3235,0
F3177,0
F104,0
F3234,0
F3116,0
F103,0
F102,0
F3178,0
F3154,0
F3181,0
F3183,0
F101,0
F3184,0
F3232,0
F3231,0
F3185,0
F3771,0
F130,0
F3152,0
F3153,0
F3180,0
F2995,0
F3001,0
F3003,0
F3005,0
F3006,0
F3008,0
F41,0
F3009,0
F3010,0
F3011,0
F3012,0
F3241,0
F2975,0
F39,0
F2976,0
F2977,0
F2978,0
F2980,0
F2981,0
F2983,0
F2984,0
F38,0
F37,0
F12,0
F40,0
F3014,0
F3015,0
F3016,0
F3017,0
F51,0
F3019,0
F3021,0
F3022,0
F3023,0
F50,0
F3024,0
F42,0
F3028,0
F3029,0
F3031,0
F48,0
F3032,0
F47,0
F46,0
F2986,0
F45,0
F44,0
F2989,0
F43,0
F3025,0
F2974,0
F2949,0
F3875,0
F434,0
F436,0
F438,0
F3874,0
F36,0
F442,0
F443,0
F444,0
F3870,0
F446,0
F447,0
F448,0
F35,0
F449,0
F27,0
F2929,0
F2930,0
F2931,0
F2932,0
F1500,0
F2935,0
F445,0
F418,0
F3867,0
F3866,0
F3862,0
F3860,0
F2953,0
F3858,0
F3857,0
F3856,0
F3855,0
F16,0
F3876,0
F3,0
F2962,0
F2964,0
F2965,0
F3884,0
F2966,0
F3883,0
F3879,0
F3878,0
F2972,0
F2973,0
F3877,0
F15,0
F82,0
F81,0
F80,0
F3080,0
F3081,0
F3082,0
F3083,0
F3084,0
F79,0
F370,0
F371,0
F3013,0
F78,0
F77,0
F75,0
F74,0
F375,0
F376,0
F377,0
F73,0
F72,0
F379,0
F380,0
F3816,0
F372,0
F92,0
F3117,0
F3118,0
F3119,0
F3120,0
F91,0
F3122,0
F381,0
F382,0
F3086,0
F90,0
F83,0
F88,0
F3088,0
F3089,0
F86,0
F85,0
F3092,0
F3795,0
F3095,0
F3794,0
F351,0
F84,0
F353,0
F89,0
F3052,0
F3053,0
F3059,0
F3065,0
F383,0
F3832,0
F67,0
F3034,0
F401,0
F66,0
F404,0
F385,0
F407,0
F60,0
F411,0
F412,0
F413,0
F57,0
F54,0
F414,0
F52,0
F415,0
F416,0
F3035,0
F406,0
F386,0
F387,0
F388,0
F389,0
F391,0
F392,0
F395,0
F3853,0
F396,0
F397,0
F398,0
F399,0
F3837,0
F3036,0
F3037,0
F3038,0
F3040,0
F3041,0
F3848,0
F3847,0
F3047,0
F3845,0
F3049,0
F3050,0
F3051,0
F400,0
F3524,0
F3525,0
F269,0
F3678,0
F273,0
F274,0
F3677,0
F3676,0
F277,0
F278,0
F279,0
F298,0
F2939,0
F300,0
F302,0
F202,0
F181,0
F3508,0
F3509,0
F3510,0
F3511,0
F180,0
F179,0
F178,0
F3512,0
F299,0
F3687,0
F3565,0
F3566,0
F280,0
F281,0
F282,0
F283,0
F284,0
F254,0
F3686,0
F257,0
F3530,0
F3523,0
F3540,0
F3684,0
F3683,0
F3543,0
F3544,0
F3545,0
F3681,0
F3680,0
F3679,0
F3519,0
F3521,0
F3522,0
F3539,0
F3469,0
F3470,0
F3471,0
F3698,0
F3697,0
F3473,0
F3733,0
F3731,0
F3475,0
F3729,0
F3477,0
F3478,0
F177,0
F3458,0
F3459,0
F3460,0
F3728,0
F3461,0
F303,0
F305,0
F306,0
F3727,0
F3726,0
F3724,0
F309,0
F3479,0
F3514,0
F3516,0
F3517,0
F3480,0
F3481,0
F3482,0
F3483,0
F176,0
F285,0
F286,0
F287,0
F175,0
F3468,0
F289,0
F291,0
F292,0
F173,0
F295,0
F172,0
F170,0
F3463,0
F3464,0
F3465,0
F3466,0
F3467,0
F174,0
F203,0
F3662,0
F3661,0
F205,0
F3660,0
F207,0
F3658,0
F3657,0
F210,0
F211,0
F212,0
F213,0
F3562,0
F248,0
F249,0
F251,0
F252,0
F221,0
F229,0
F3656,0
F3606,0
F3612,0
F3655,0
F3616,0
F3617,0
F214,0
F3626,0
F216,0
F3628,0
F3629,0
F3630,0
F3631,0
F215,0
F3632,0
F3671,0
F3633,0
F3670,0
F3648,0
F3623,0
F3650,0
F3651,0
F3652,0
F3653,0
F3618,0
F3667,0
F3666,0
F3619,0
F3664,0
F3663,0
F3620,0
F3621,0
F3669,0
F191,0
F3577,0
F190,0
F3578,0
F3579,0
F3580,0
F3582,0
F188,0
F187,0
F186,0
F184,0
F3585,0
F3586,0
F3673,0
F3546,0
F3547,0
F3548,0
F3549,0
F3695,0
F3552,0
F3553,0
F3556,0
F3558,0
F3559,0
F3561,0
F3674,0
F3587,0
F3588,0
F3589,0
F3654,0
F3590,0
F3591,0
F235,0
F201,0
F200,0
F241,0
F242,0
F243,0
F3575,0
F244,0
F245,0
F246,0
F197,0
F3568,0
F3569,0
F3570,0
F195,0
F194,0
F3571,0
F3572,0
F3573,0
F199,0
F3323,0
F3324,0
F3325,0
F138,0
F3327,0
F3328,0
F137,0
F136,0
F3329,0
F3330,0
F3331,0
F3739,0
F312,0
F3301,0
F3302,0
F3303,0
F3304,0
F3305,0
F3306,0
F3307,0
F3308,0
F3309,0
F3310,0
F3311,0
F3312,0
F3300,0
F3367,0
F3368,0
F3369,0
F3332,0
F3333,0
F3334,0
F3336,0
F3337,0
F3339,0
F3342,0
F3343,0
F140,0
F3322,0
F3346,0
F3347,0
F3349,0
F3350,0
F3352,0
F3353,0
F3316,0
F3317,0
F3318,0
F3319,0
F3320,0
F3321,0
F3345,0
F3277,0
F3278,0
F3279,0
F3280,0
F3281,0
F324,0
F325,0
F3756,0
F329,0
F3257,0
F3258,0
F3259,0
F3737,0
F3261,0
F3262,0
F3263,0
F3264,0
F3265,0
F3266,0
F3267,0
F3268,0
F3269,0
F3270,0
F3271,0
F3272,0
F3260,0
F3313,0
F3314,0
F3315,0
F3736,0
F3282,0
F3283,0
F3284,0
F3285,0
F3286,0
F3288,0
F3289,0
F3291,0
F3276,0
F3293,0
F3735,0
F3294,0
F3295,0
F3297,0
F3298,0
F3299,0
F3734,0
F3761,0
F3273,0
F3274,0
F3275,0
F3292,0
F3427,0
F3428,0
F3429,0
F3430,0
F3431,0
F3432,0
F3434,0
F3435,0
F3436,0
F3437,0
F3406,0
F3407,0
F3366,0
F3409,0
F3410,0
F3411,0
F3412,0
F3413,0
F165,0
F3414,0
F3415,0
F3416,0
F3417,0
F3418,0
F164,0
F3408,0
F313,0
F314,0
F315,0
F316,0
F317,0
F318,0
F3462,0
F3438,0
F3439,0
F3440,0
F3441,0
F166,0
F3426,0
F3448,0
F3450,0
F3451,0
F3453,0
F3454,0
F3455,0
F3456,0
F3457,0
F3422,0
F3423,0
F3424,0
F3425,0
F3447,0
F183,0
F3376,0
F147,0
F3377,0
F146,0
F3378,0
F3379,0
F3380,0
F3381,0
F3382,0
F3383,0
F3384,0
F3419,0
F3354,0
F3355,0
F3356,0
F3357,0
F3358,0
F3359,0
F3360,0
F3361,0
F3362,0
F3363,0
F143,0
F3365,0
F3385,0
F3420,0
F3421,0
F3386,0
F3387,0
F3388,0
F3389,0
F3390,0
F3391,0
F3392,0
F3393,0
F3394,0
F3396,0
F3375,0
F3399,0
F3400,0
F153,0
F3402,0
F3403,0
F3405,0
F3370,0
F3371,0
F3372,0
F3373,0
F151,0
F3374,0
F3397,0
F2058,0
F2059,0
F2067,0
F1205,0
F1207,0
F1208,0
F1210,0
F1211,0
F1212,0
F1216,0
F1255,0
F1258,0
F2031,0
F26,0
F2042,0
F2049,0
F2050,0
F2052,0
F2053,0
F2055,0
F2017,0
F2019,0
F1221,0
F1222,0
F1223,0
F1224,0
F1225,0
F1226,0
F2037,0
F2145,0
F2113,0
F2115,0
F2119,0
F2121,0
F2123,0
F2126,0
F1182,0
F1183,0
F1186,0
F1188,0
F1189,0
F1191,0
F2056,0
F1194,0
F1195,0
F1217,0
F1218,0
F2080,0
F2081,0
F2082,0
F2085,0
F2086,0
F2088,0
F2089,0
F2091,0
F2110,0
F2112,0
F1192,0
F1972,0
F1296,0
F1297,0
F1299,0
F1300,0
F1260,0
F1263,0
F1270,0
F1271,0
F1272,0
F1275,0
F1900,0
F1902,0
F1227,0
F1906,0
F1918,0
F1919,0
F1283,0
F1284,0
F1294,0
F1874,0
F1875,0
F1896,0
F1302,0
F1303,0
F1305,0
F1312,0
F1313,0
F1903,0
F1248,0
F1252,0
F1254,0
F1974,0
F1975,0
F1976,0
F1977,0
F1978,0
F1980,0
F1981,0
F1983,0
F2002,0
F2004,0
F2005,0
F1971,0
F2011,0
F2014,0
F2015,0
F2016,0
F1277,0
F1278,0
F1942,0
F1944,0
F1945,0
F1947,0
F1948,0
F1950,0
F1951,0
F1953,0
F2007,0
F2299,0
F1162,0
F1163,0
F1164,0
F2255,0
F2261,0
F2262,0
F2263,0
F2264,0
F2265,0
F2266,0
F2267,0
F2268,0
F2144,0
F2270,0
F2271,0
F2250,0
F1150,0
F1151,0
F1152,0
F1154,0
F1155,0
F1156,0
F1157,0
F1158,0
F1159,0
F1160,0
F1161,0
F2269,0
F2300,0
F2301,0
F2302,0
F2303,0
F2304,0
F2306,0
F2307,0
F2308,0
F2309,0
F2315,0
F2316,0
F2317,0
F2318,0
F2296,0
F2320,0
F2272,0
F2273,0
F2274,0
F2275,0
F2276,0
F2277,0
F2278,0
F2280,0
F2281,0
F2286,0
F2289,0
F2294,0
F2295,0
F2319,0
F2179,0
F2180,0
F2149,0
F2152,0
F2154,0
F2155,0
F2158,0
F2160,0
F2161,0
F1167,0
F1168,0
F1169,0
F1170,0
F2231,0
F1175,0
F1176,0
F1180,0
F1197,0
F1198,0
F1201,0
F1204,0
F2128,0
F2129,0
F2130,0
F2131,0
F2132,0
F2133,0
F2134,0
F1174,0
F2234,0
F2237,0
F2238,0
F2239,0
F2240,0
F2241,0
F2242,0
F2188,0
F2189,0
F2190,0
F2192,0
F2193,0
F2194,0
F2195,0
F2178,0
F2197,0
F2198,0
F2199,0
F2220,0
F2221,0
F2223,0
F2164,0
F2166,0
F2167,0
F2169,0
F2170,0
F2172,0
F2175,0
F2177,0
F2196,0
F1438,0
F1440,0
F1441,0
F1443,0
F1464,0
F1465,0
F1467,0
F1468,0
F1608,0
F1548,0
F1549,0
F1550,0
F1551,0
F1316,0
F1575,0
F1576,0
F1578,0
F1579,0
F1582,0
F1584,0
F1585,0
F1587,0
F1529,0
F1531,0
F1532,0
F1534,0
F1535,0
F1536,0
F1572,0
F1624,0
F1626,0
F1627,0
F1629,0
F1643,0
F1645,0
F1648,0
F1649,0
F1650,0
F1653,0
F1612,0
F1614,0
F1617,0
F1437,0
F1620,0
F1621,0
F1413,0
F1414,0
F1416,0
F1420,0
F1421,0
F1426,0
F1427,0
F1432,0
F1433,0
F1434,0
F1435,0
F1436,0
F1618,0
F1518,0
F1519,0
F1521,0
F1522,0
F1525,0
F1470,0
F3890,0
F3893,0
F3916,0
F3917,0
F4,0
F1487,0
F1488,0
F1540,0
F1492,0
F1493,0
F1494,0
F1498,0
F1499,0
F3854,0
F11,0
F10,0
F9,0
F8,0
F7,0
F5,0
F1,0
F23,0
F1491,0
F1541,0
F1542,0
F1543,0
F1544,0
F1545,0
F1546,0
F1547,0
F1471,0
F1473,0
F1474,0
F1475,0
F1476,0
F1478,0
F1479,0
F1516,0
F1481,0
F1482,0
F1483,0
F1484,0
F1485,0
F1486,0
F1528,0
F1504,0
F1506,0
F1509,0
F1510,0
F1512,0
F1513,0
F1515,0
F1480,0
F1325,0
F1326,0
F1327,0
F1329,0
F1330,0
F1332,0
F1333,0
F1335,0
F1354,0
F1360,0
F1363,0
F1366,0
F1792,0
F1623,0
F1795,0
F1797,0
F1798,0
F1800,0
F1804,0
F1805,0
F1806,0
F1807,0
F1808,0
F1809,0
F1390,0
F1751,0
F1757,0
F1758,0
F1794,0
F1318,0
F1319,0
F1320,0
F1324,0
F1899,0
F1851,0
F1854,0
F1859,0
F1864,0
F1866,0
F1869,0
F1870,0
F1871,0
F1811,0
F1873,0
F1368,0
F1823,0
F1830,0
F1833,0
F1834,0
F1836,0
F1837,0
F1839,0
F1840,0
F1842,0
F1843,0
F1845,0
F1810,0
F1872,0
F1735,0
F1737,0
F1738,0
F1740,0
F1391,0
F1392,0
F1393,0
F1398,0
F1399,0
F1402,0
F1404,0
F1405,0
F1407,0
F1759,0
F1656,0
F1657,0
F1659,0
F1678,0
F1680,0
F1681,0
F1683,0
F1687,0
F1690,0
F1691,0
F1692,0
F1694,0
F1695,0
F1428,0
F1654,0
F1761,0
F1762,0
F1764,0
F1765,0
F1767,0
F1786,0
F1788,0
F1789,0
F1791,0
F1741,0
F1745,0
F1370,0
F1371,0
F1378,0
F1734,0
F1380,0
F1384,0
F1385,0
F1386,0
F1387,0
F1410,0
F1411,0
F1720,0
F1723,0
F1726,0
F1728,0
F1729,0
F1731,0
F1732,0
F1379,0
F536,0
F537,0
F540,0
F543,0
F2706,0
F2708,0
F2711,0
F2712,0
F2714,0
F2715,0
F551,0
F552,0
F553,0
F2336,0
F555,0
F557,0
F560,0
F2689,0
F2692,0
F2695,0
F2696,0
F2697,0
F2698,0
F2699,0
F2700,0
F2701,0
F2702,0
F2703,0
F554,0
F2761,0
F2762,0
F2763,0
F2764,0
F2765,0
F517,0
F518,0
F519,0
F520,0
F523,0
F529,0
F544,0
F545,0
F533,0
F547,0
F548,0
F549,0
F2732,0
F2733,0
F2734,0
F2736,0
F2746,0
F566,0
F2717,0
F2723,0
F2728,0
F2730,0
F2731,0
F546,0
F2631,0
F2632,0
F2633,0
F602,0
F605,0
F607,0
F609,0
F622,0
F634,0
F730,0
F2611,0
F2612,0
F2613,0
F2704,0
F2615,0
F2616,0
F2617,0
F2619,0
F2620,0
F2623,0
F2626,0
F2628,0
F2594,0
F2596,0
F2597,0
F2599,0
F2600,0
F2601,0
F2614,0
F2670,0
F2673,0
F2674,0
F576,0
F578,0
F579,0
F580,0
F581,0
F582,0
F584,0
F586,0
F587,0
F588,0
F589,0
F2630,0
F591,0
F592,0
F593,0
F595,0
F596,0
F599,0
F600,0
F2667,0
F2635,0
F2657,0
F2658,0
F2660,0
F2661,0
F2664,0
F590,0
F2902,0
F2905,0
F2871,0
F2872,0
F2873,0
F2874,0
F2875,0
F2876,0
F2878,0
F2881,0
F472,0
F474,0
F477,0
F2760,0
F481,0
F452,0
F497,0
F500,0
F2850,0
F2856,0
F2865,0
F2866,0
F2867,0
F2868,0
F2869,0
F2870,0
F2840,0
F2842,0
F479,0
F2942,0
F2943,0
F2944,0
F2945,0
F2946,0
F2947,0
F2948,0
F2908,0
F2909,0
F2910,0
F2911,0
F2913,0
F2915,0
F2900,0
F2918,0
F2919,0
F2923,0
F2925,0
F2926,0
F2927,0
F2928,0
F453,0
F454,0
F455,0
F458,0
F2884,0
F2897,0
F2898,0
F2916,0
F2818,0
F2819,0
F2820,0
F2821,0
F509,0
F512,0
F514,0
F515,0
F516,0
F2790,0
F2793,0
F2795,0
F2796,0
F2846,0
F2800,0
F2801,0
F2766,0
F2767,0
F2768,0
F2771,0
F2773,0
F2774,0
F501,0
F502,0
F503,0
F505,0
F506,0
F2759,0
F2798,0
F484,0
F485,0
F486,0
F488,0
F489,0
F490,0
F491,0
F493,0
F494,0
F2822,0
F2824,0
F2826,0
F2827,0
F2829,0
F2817,0
F2833,0
F2835,0
F2837,0
F2838,0
F2839,0
F2802,0
F2804,0
F2805,0
F2806,0
F2808,0
F2809,0
F2811,0
F2812,0
F2813,0
F2830,0
F2429,0
F2430,0
F2396,0
F2397,0
F2398,0
F2399,0
F2400,0
F2401,0
F2402,0
F2403,0
F2404,0
F2405,0
F2407,0
F2603,0
F2409,0
F2411,0
F2412,0
F2413,0
F1083,0
F1087,0
F1089,0
F1090,0
F2373,0
F2374,0
F2375,0
F2376,0
F2377,0
F2378,0
F2408,0
F1035,0
F1036,0
F1039,0
F1042,0
F1043,0
F1044,0
F1046,0
F2431,0
F2432,0
F2433,0
F2434,0
F2435,0
F1054,0
F2426,0
F1056,0
F1060,0
F1061,0
F1062,0
F1066,0
F1067,0
F1068,0
F2414,0
F2415,0
F2416,0
F2417,0
F2419,0
F2421,0
F2422,0
F1055,0
F2337,0
F2338,0
F1109,0
F1110,0
F1113,0
F1114,0
F1116,0
F1117,0
F1119,0
F1138,0
F1140,0
F1141,0
F1143,0
F2379,0
F1146,0
F2321,0
F2322,0
F2323,0
F2324,0
F2325,0
F2327,0
F2328,0
F2329,0
F2330,0
F2331,0
F2333,0
F2334,0
F2335,0
F1144,0
F2391,0
F2393,0
F2363,0
F2364,0
F2365,0
F2366,0
F2367,0
F2368,0
F2369,0
F2371,0
F1070,0
F1072,0
F1074,0
F1075,0
F2362,0
F1078,0
F1080,0
F1081,0
F1092,0
F1093,0
F1095,0
F1096,0
F1097,0
F1100,0
F1103,0
F1108,0
F2347,0
F2357,0
F2361,0
F1077,0
F2538,0
F2539,0
F2545,0
F939,0
F946,0
F947,0
F948,0
F952,0
F953,0
F954,0
F956,0
F958,0
F959,0
F1033,0
F2532,0
F2533,0
F967,0
F970,0
F972,0
F973,0
F975,0
F976,0
F978,0
F979,0
F981,0
F988,0
F2512,0
F2513,0
F2530,0
F2605,0
F2608,0
F2609,0
F2610,0
F838,0
F850,0
F934,0
F936,0
F2570,0
F2572,0
F2573,0
F2576,0
F2587,0
F2589,0
F742,0
F960,0
F2557,0
F2558,0
F2559,0
F2560,0
F2561,0
F2562,0
F2563,0
F2564,0
F2565,0
F2566,0
F2567,0
F2568,0
F736,0
F2592,0
F1004,0
F2471,0
F2472,0
F2473,0
F2476,0
F2482,0
F2490,0
F2491,0
F2492,0
F2459,0
F2460,0
F2461,0
F2462,0
F2514,0
F2464,0
F2465,0
F2466,0
F2467,0
F2468,0
F2469,0
F2470,0
F989,0
F1005,0
F1006,0
F1008,0
F1009,0
F1011,0
F1032,0
F2463,0
F2515,0
F2516,0
F2517,0
F2519,0
F2521,0
F2523,0
F2524,0
F2525,0
F2528,0
F2529,0
F2495,0
F2496,0
F2497,0
F2498,0
F1002,0
F2500,0
F2501,0
F2502,0
F2503,0
F2504,0
F2505,0
F2507,0
F2509,0
F2510,0
F2511,0
F995,0
F996,0
F1000,0
F1001,0
F2499,0
